<?xml version="1.0" encoding="UTF-8"?>

<beans xmlns="http://www.springframework.org/schema/beans"
		xmlns:context="http://www.springframework.org/schema/context"
		
		xmlns:mvc="http://www.springframework.org/schema/mvc"
		
		xmlns:xsi="http://www.w3.org/2001/XMLSchema-instance"
		xsi:schemaLocation=
				"http://www.springframework.org/schema/beans 
				http://www.springframework.org/schema/beans/spring-beans.xsd
				
				http://www.springframework.org/schema/context 
				http://www.springframework.org/schema/context/spring-context.xsd
				
				http://www.springframework.org/schema/mvc
				http://www.springframework.org/schema/mvc/spring-mvc.xsd">
    
   <!-- :: 공통적인 사항을 설정한 common-servlet.xml 사용. -->
       
    <!--  ㅇ 어노테이션 기반 :: Spring Framework 사용.
    		ㅇ @Controller annotation 선언된 Bean 만 Wiring
		   ㅇ @Service / @Repository  annotation 선언된 Bean 은 Scan 제외 -->
	<context:component-scan base-package="com.model2.mvc.web">
		<context:include-filter 	type="annotation"		expression="org.springframework.stereotype.Controller" />
		<context:exclude-filter 	type="annotation" 	expression="org.springframework.stereotype.Service"/>
		<context:exclude-filter 	type="annotation" 	expression="org.springframework.stereotype.Repository"/>
	</context:component-scan> 
	
   	
   	<!-- ////////////////////////////////////////// 추가 ,  변경된 부분 ////////////////////////////////////////////////// -->
   	<!-- ■ RequestMappingHandlerMapping 설정 등 기타 Annotation 기반
   	        모든 기능을 사용 할 수 있는 아래의 설정으로 변경 -->
	<mvc:annotation-driven />
	
	<!-- ■ Annotation 기반의 모든 기능을 사용 할 수 있는 설정
	          <mvc:annotation-driven /> 사용으로 interceptor 를 직접
	          RequestMappingHandlerMapping 에 주입 할 수 없으니 
	       	  아래의 설정방법으로 interceptor 주입-->
   	<mvc:interceptors>
		
   		<mvc:interceptor>
			<mvc:mapping path="/user/**"/>
			<bean class="com.model2.mvc.common.web.LogonCheckInterceptor" />
   		</mvc:interceptor>

   	</mvc:interceptors>
	<!-- //////////////////////////////////////////////////////////////////////////////////////////////////////////////////////////////////// -->
	
	 
	 <!-- ////////////////////////////////////////////////////////////////////////////////////////////////////////////////////////////////////
	 		::  Annotation 지원 HandlerMapping 선언 
	        :: Interceptor 선언 : 로그인 유무확인.  추가 부분
	 <bean class="org.springframework.web.servlet.mvc.method.annotation.RequestMappingHandlerMapping">
	 	 <property name="order" value="0"/>
		<property name="interceptors" ref="logonCheckInterceptor"/>
	 </bean>
	 
	 		:: Interceptor 선언 : 로그인 유무확인.
	<bean id="logonCheckInterceptor"	class="com.model2.mvc.common.web.LogonCheckInterceptor" />
	////////////////////////////////////////////////////////////////////////////////////////////////////////////////////////////////////-->		           


	<!--  :: ViewResolver 선언 -->	
    <bean id="viewResolver"
				class="org.springframework.web.servlet.view.InternalResourceViewResolver" />
	
	
	<!-- ////////////////////////////////////////// 추가 ,  변경된 부분 ////////////////////////////////////////////////// -->
	<!--	
		■ / 형식의 Mapping 은 모든(정적,동적 자원) 요청시 처리책임
		■ 정적자원 요청시 DispatcherServlet 에게 처리방법지정
	    ■ 정적자원요청 (아래의 URI 포함 요청)시  처리 경로 location 지정
	     	
	    실제 PJT 진행시 일반적으로 resources 폴더를 만들고 폴더내부에
	     css , image, js 등 넣어 관리하며 아래와 같이 1번의 설정으로 관리
	     <mvc:resources mapping="/resources/**" location="/resources/" />
	--> 
	<mvc:resources mapping="/css/**" location="/css/" />
   	<mvc:resources mapping="/images/**" location="/images/" />
   	<mvc:resources mapping="/javascript/**" location="/javascript/" />
	<!-- //////////////////////////////////////////////////////////////////////////////////////////////////////////////////////////////////// -->
   	

	<!-- 	:: exception resolver  선언 :: 서술적 / 선언적 예외처리 
			:: Servlet 에서의 선언적 예외처리를 다시 생각하며....  -->
	<bean id="exceptionResolver"
				class="org.springframework.web.servlet.handler.SimpleMappingExceptionResolver">
		
		<property name="exceptionMappings">
			<props>
				<prop key="java.lang.NullPointerException">/common/nullError.jsp</prop>
				<prop key="java.lang.NumberFormatException">/common/numberFormatError.jsp</prop>
			</props>
		</property>
		
		<property name="defaultErrorView"	value="/common/error.jsp" />
		
	</bean>
	
</beans>